Doc No,Posting Date,GL Account,Cost Center,Narration,Vendor / Customer,Amount,Currency
GL-2025-0041,15/01/2025,21000100,CC-FINANCE,Al Futtaim - Invoice #AF-8821,Al Futtaim Group,-125000.00,AED
GL-2025-0042,15/01/2025,52000200,CC-ADMIN,DEWA Utility Jan 2025,Dubai Electricity & Water Authority,-18750.50,AED
GL-2025-0043,16/01/2025,11000500,CC-FINANCE,DoF Grant Receipt Q1,Government of Dubai,500000.00,AED
GL-2025-0044,16/01/2025,54000100,CC-HR,January 2025 Payroll Run,Employee Salaries,-2350000.00,AED
GL-2025-0045,17/01/2025,21000300,CC-IT,Cisco Networking Equipment PO-30041,Cisco Systems LLC,-87500.00,AED
GL-2025-0046,18/01/2025,11000100,CC-TREASURY,Emirates NBD Transfer,Emirates NBD,750000.00,AED
GL-2025-0047,19/01/2025,55000100,CC-ADMIN,Office Rent Q1 Al Habtoor,Al Habtoor Properties,-450000.00,AED
GL-2025-0048,20/01/2025,21000400,CC-IT,Oracle DB License Annual,Oracle Corporation,-320000.00,AED
GL-2025-0050,22/01/2025,55000200,CC-FINANCE,Deloitte Advisory INV-DEL-001,Deloitte Middle East,-95000.00,AED
